[
    {
       "questionText":"What is your age?",
       "answerOptions":[
          {
             "answerText":"3-9yrs",
             "ansPoint":-90
          },
          {
             "answerText":"10-13yrs",
             "ansPoint":-30
          },
          {
             "answerText":"14-16yrs",
             "ansPoint":12
          },
          {
             "answerText":"17-19yrs",
             "ansPoint":30
          },
          {
             "answerText":"20-30yrs",
             "ansPoint":48
          },
          {
             "answerText":"31-40yrs",
             "ansPoint":40
          },
          {
             "answerText":"41-60yrs",
             "ansPoint":15
          },
          {
             "answerText":"61-99yrs",
             "ansPoint":9
          }
       ]
    },
    {
        "questionText":"What grip do you use on your serve? ",
        "answerOptions":[
           {
              "answerText":"Western Grip ",
              "ansPoint":15
           },{
              "answerText":"Continental Grip ",
              "ansPoint":30
           },{
              "answerText":"Eastern Forehand ",
              "ansPoint":9
           },{
              "answerText":"I do not know the name of it ",
              "ansPoint":3
           }
        ]
     },
     {
        "questionText":"How much do you play tennis? ",
        "answerOptions":[
           {
              "answerText":"0 - 1hr per week ",
              "ansPoint":6
           },{
              "answerText":"1 - 3hrs per week ",
              "ansPoint":10
           },{
              "answerText":"3 - 6hrs per week ",
              "ansPoint":15
           },{
              "answerText":"6hrs plus per week ",
              "ansPoint":30
           }
        ]
     },
     {
        "questionText":"Have you ever had a coach? ",
        "answerOptions":[
           {
              "answerText":"Yes ",
              "ansPoint":24
           },{
              "answerText":"No ",
              "ansPoint":9
           }
        ]
     },
     {
        "questionText":"What grip do you use on your volley? ",
        "answerOptions":[
           {
              "answerText":"I don`t know the name of it ",
              "ansPoint":3
           },{
              "answerText":"Eastern grip ",
              "ansPoint":9
           },{
              "answerText":"Continental ",
              "ansPoint":24
           },{
              "answerText":"Western ",
              "ansPoint":6
           }
        ]
     },
     {
        "questionText":"Describe your serve ",
        "answerOptions":[
           {
              "answerText":"My serve is consistent and accurate ",
              "ansPoint":24
           },{
              "answerText":"I double fault way to much ",
              "ansPoint":5
           },{
              "answerText":"I am just starting to learn ",
              "ansPoint":3
           }
        ]
     },
     {
        "questionText":"Describe your footwork on court ",
        "answerOptions":[
           {
              "answerText":"My footwork is not that good ",
              "ansPoint":9
           },{
              "answerText":"I position well for most shots ",
              "ansPoint":27
           },{
              "answerText":"My footwork is the best part of my game ",
              "ansPoint":21
           }
        ]
     },
     {
        "questionText":"Q7.Depth of groundstrokes ",
        "answerOptions":[
           {
              "answerText":"I do not know what a groundstroke is ",
              "ansPoint":0
           },{
              "answerText":"I can hit my groundstrokes deep and with control ",
              "ansPoint":24
           },{
              "answerText":"The depth of my groundstrokes are a bit random ",
              "ansPoint":9
           }
        ]
     },
     {
        "questionText":"Defense or attack? ",
        "answerOptions":[
           {
              "answerText":"I am an attacking type of player ",
              "ansPoint":18
           },{
              "answerText":"I am a defending type of player ",
              "ansPoint":15
           },{
              "answerText":"I can play both attack and defense ",
              "ansPoint":30
           },{
              "answerText":"I don`t know if I attack or defend ",
              "ansPoint":0
           }
        ]
     },
     {
        "questionText":"Anticipation ",
        "answerOptions":[
           {
              "answerText":"I anticipate well ",
              "ansPoint":27
           },{
              "answerText":"What is anticipation? ",
              "ansPoint":3
           },{
              "answerText":"I struggle with anticipation ",
              "ansPoint":15
           }
        ]
     },
     {
        "questionText":"What is the highest competitive level you have played at? ",
        "answerOptions":[
           {
              "answerText":"I have not played a competition yet ",
              "ansPoint":3
           },{
              "answerText":"Local competitions & tournaments ",
              "ansPoint":5
           },{
              "answerText":"National tournaments ",
              "ansPoint":21
           },{
              "answerText":"Main Draw Futures and or higher events ",
              "ansPoint":30
           }
        ]
     }
  ]
 

  